op_name,tensor_idx,num_elements,stddev,mean_error,max_abs_error,mean_squared_error,scale,zero_point,tensor_name,range,rmse/scale
CONV_2D,273,3920.0,0.062017273,-0.00017696062,0.23714127,0.0038493355,0.18038306,3,model_1/batch_normalization_53/FusedBatchNormV3;model_1/conv2d_1/BiasAdd/ReadVariableOp;model_1/conv2d_1/BiasAdd;model_1/pointwise_contract_conv-31/Conv2D;model_1/conv2d_1/Conv2D,45.997680300000006,0.3439514403696602
CONV_2D,277,11760.0,0.03295127,-0.0004035881,0.12613823,0.0010864673,0.1565376,-128,model_1/re_lu_52/Relu;model_1/batch_normalization_54/FusedBatchNormV3;model_1/mtconv-31/mtconv9-0-0/depthwise;model_1/pointwise_expand_conv-16/Conv2D,39.917088,0.21056668442429635
DEPTHWISE_CONV_2D,281,5880.0,0.035719264,0.0008537201,0.2155346,0.001277669,0.16985875,-128,model_1/re_lu_53/Relu;model_1/batch_normalization_55/FusedBatchNormV3;model_1/mtconv-16/mtconv9-0-0/depthwise;model_1/mtconv-31/mtconv9-0-0/depthwise,43.31398125,0.2104365896947685
CONV_2D,285,1960.0,0.07850939,-0.00044384212,0.18113996,0.0061679697,0.26804927,-4,model_1/batch_normalization_56/FusedBatchNormV3;model_1/pointwise_contract_conv-31/Conv2D;model_1/pointwise_contract_conv-16/Conv2D,68.35256385,0.2929924888823545
CONV_2D,289,1960.0,0.028141052,4.167329e-05,0.09747819,0.00079393975,0.123283505,-128,model_1/re_lu_54/Relu;model_1/batch_normalization_57/FusedBatchNormV3;model_1/pointwise_contract_conv-31/Conv2D;model_1/strided_residual-16/Conv2D,31.437293775,0.2285539861207166
ADD,293,1960.0,0.044024263,0.0009740619,0.08570422,0.0019419504,0.17174767,-128,model_1/re_lu_55/Relu;model_1/add_16/add,43.795655849999996,0.2565831973410931
CONV_2D,297,5880.0,0.036289208,0.00049033645,0.18302946,0.0013195085,0.17578937,-128,model_1/re_lu_56/Relu;model_1/batch_normalization_58/FusedBatchNormV3;model_1/mtconv-31/mtconv9-0-0/depthwise;model_1/pointwise_expand_conv-17/Conv2D,44.82628935,0.20663956855454382
DEPTHWISE_CONV_2D,301,5880.0,0.033392537,0.00030854243,0.16763721,0.0011161168,0.18114556,-128,model_1/re_lu_57/Relu;model_1/batch_normalization_59/FusedBatchNormV3;model_1/mtconv-31/mtconv9-0-0/depthwise;model_1/mtconv-17/mtconv9-0-0/depthwise,46.192117800000005,0.18442811565193892
CONV_2D,305,1960.0,0.042860933,-0.00089156703,0.104058616,0.001839164,0.14534636,22,model_1/batch_normalization_60/FusedBatchNormV3;model_1/pointwise_contract_conv-31/Conv2D;model_1/pointwise_contract_conv-17/Conv2D,37.063321800000004,0.29505709944637615
ADD,309,1960.0,0.04777413,0.00087427895,0.0916727,0.0022853818,0.18354638,-128,model_1/re_lu_58/Relu;model_1/add_17/add,46.8043269,0.2604555155382721
CONV_2D,313,5880.0,0.037553344,0.0007310553,0.18479346,0.0014130463,0.19323675,-128,model_1/re_lu_59/Relu;model_1/batch_normalization_61/FusedBatchNormV3;model_1/mtconv-31/mtconv9-0-0/depthwise;model_1/pointwise_expand_conv-18/Conv2D,49.275371250000006,0.19453084421273883
DEPTHWISE_CONV_2D,317,5880.0,0.041273158,0.0005664839,0.18674275,0.0017052897,0.241708,-128,model_1/re_lu_60/Relu;model_1/batch_normalization_62/FusedBatchNormV3;model_1/mtconv-31/mtconv9-0-0/depthwise;model_1/mtconv-18/mtconv9-0-0/depthwise,61.63554,0.17084727633614855
CONV_2D,321,1960.0,0.07390228,-0.00068728894,0.16069941,0.0054655443,0.2539584,13,model_1/batch_normalization_63/FusedBatchNormV3;model_1/pointwise_contract_conv-31/Conv2D;model_1/pointwise_contract_conv-18/Conv2D,64.75939199999999,0.2911079910077522
ADD,325,1960.0,0.075702615,0.00014555019,0.14678684,0.005736065,0.2939759,-128,model_1/re_lu_61/Relu;model_1/add_18/add,74.9638545,0.25762932959424
CONV_2D,329,5880.0,0.03266264,0.00010541541,0.2088685,0.0010677621,0.18772309,-128,model_1/re_lu_62/Relu;model_1/batch_normalization_64/FusedBatchNormV3;model_1/mtconv-31/mtconv9-0-0/depthwise;model_1/pointwise_expand_conv-19/Conv2D,47.869387950000004,0.17406824734841797
DEPTHWISE_CONV_2D,333,5880.0,0.0340717,-0.0011109248,0.13996416,0.0011631817,0.20373784,-128,model_1/re_lu_63/Relu;model_1/batch_normalization_65/FusedBatchNormV3;model_1/mtconv-31/mtconv9-0-0/depthwise;model_1/mtconv-19/mtconv9-0-0/depthwise,51.9531492,0.16739870075756766
CONV_2D,337,1960.0,0.04871685,0.00026978916,0.10762502,0.0023750062,0.16676627,27,model_1/batch_normalization_66/FusedBatchNormV3;model_1/pointwise_contract_conv-31/Conv2D;model_1/pointwise_contract_conv-19/Conv2D,42.52539885,0.2922295697724794
ADD,341,1960.0,0.08587078,0.0038972613,0.16459173,0.0073964326,0.32960787,-128,model_1/re_lu_64/Relu;model_1/add_19/add,84.05000685,0.2609237306120821
CONV_2D,345,5880.0,0.061900854,-0.00073338515,0.24804658,0.003834866,0.32103273,-128,model_1/re_lu_65/Relu;model_1/batch_normalization_67/FusedBatchNormV3;model_1/mtconv-31/mtconv9-0-0/depthwise;model_1/pointwise_expand_conv-20/Conv2D,81.86334615,0.1928971382440126
DEPTHWISE_CONV_2D,349,3000.0,0.027633503,-0.0013256515,0.09392121,0.0007660032,0.13196237,-128,model_1/re_lu_66/Relu;model_1/batch_normalization_68/FusedBatchNormV3;model_1/mtconv-31/mtconv9-0-0/depthwise;model_1/mtconv-20/mtconv9-0-0/depthwise,33.65040435,0.20973223515526132
CONV_2D,353,1000.0,0.06325215,-0.0022763137,0.15503715,0.004011418,0.2115149,-10,model_1/batch_normalization_69/FusedBatchNormV3;model_1/pointwise_contract_conv-31/Conv2D;model_1/pointwise_contract_conv-20/Conv2D,53.936299500000004,0.29943874447620755
CONV_2D,357,1000.0,0.036474265,0.0010628281,0.11653856,0.0013343378,0.15458931,-128,model_1/re_lu_67/Relu;model_1/batch_normalization_70/FusedBatchNormV3;model_1/pointwise_contract_conv-31/Conv2D;model_1/strided_residual-20/Conv2D,39.42027405,0.23629440356412518
ADD,361,1000.0,0.054644078,0.0019015871,0.11280744,0.0029952587,0.22632775,-128,model_1/re_lu_68/Relu;model_1/add_20/add,57.713576249999996,0.24181284304096975
CONV_2D,365,3000.0,0.051259376,-0.00015303047,0.19546074,0.0026300556,0.27328497,-128,model_1/re_lu_69/Relu;model_1/batch_normalization_71/FusedBatchNormV3;model_1/mtconv-31/mtconv9-0-0/depthwise;model_1/pointwise_expand_conv-21/Conv2D,69.68766735,0.18765784192735757
DEPTHWISE_CONV_2D,369,3000.0,0.022835115,-0.0006952674,0.09842132,0.0005225411,0.13108212,-128,model_1/re_lu_70/Relu;model_1/batch_normalization_72/FusedBatchNormV3;model_1/mtconv-31/mtconv9-0-0/depthwise;model_1/mtconv-21/mtconv9-0-0/depthwise,33.4259406,0.1743880698774938
CONV_2D,373,1000.0,0.043331787,-0.00034783388,0.095981225,0.0018801866,0.14746107,25,model_1/batch_normalization_73/FusedBatchNormV3;model_1/pointwise_contract_conv-31/Conv2D;model_1/pointwise_contract_conv-21/Conv2D,37.60257285,0.2940512945417287
ADD,377,1000.0,0.055031616,-0.0004248754,0.11175893,0.0030344976,0.22394061,-128,model_1/re_lu_71/Relu;model_1/add_21/add,57.10485555,0.24598608600941183
CONV_2D,381,3000.0,0.027573498,-0.00016148493,0.13673303,0.00076124974,0.13971981,-128,model_1/re_lu_72/Relu;model_1/batch_normalization_74/FusedBatchNormV3;model_1/mtconv-31/mtconv9-0-0/depthwise;model_1/pointwise_expand_conv-22/Conv2D,35.62855155,0.1974720307086013
DEPTHWISE_CONV_2D,385,3000.0,0.029869573,-5.726172e-06,0.117878966,0.0008933605,0.18347324,-128,model_1/re_lu_73/Relu;model_1/batch_normalization_75/FusedBatchNormV3;model_1/mtconv-31/mtconv9-0-0/depthwise;model_1/mtconv-22/mtconv9-0-0/depthwise,46.785676200000005,0.16290733636468333
CONV_2D,389,1000.0,0.05562345,4.080753e-05,0.119751625,0.0030978504,0.19077212,19,model_1/batch_normalization_76/FusedBatchNormV3;model_1/pointwise_contract_conv-31/Conv2D;model_1/pointwise_contract_conv-22/Conv2D,48.6468906,0.2917529893929976
ADD,393,1000.0,0.05604083,-0.00069612655,0.11485361,0.00314717,0.23019929,-128,model_1/re_lu_74/Relu;model_1/add_22/add,58.70081895,0.2437003324060138
CONV_2D,397,3000.0,0.044957533,-0.00073762715,0.18856888,0.002024427,0.2586487,-128,model_1/re_lu_75/Relu;model_1/batch_normalization_77/FusedBatchNormV3;model_1/mtconv-31/mtconv9-0-0/depthwise;model_1/pointwise_expand_conv-23/Conv2D,65.95541850000001,0.17395653982752238
DEPTHWISE_CONV_2D,401,3000.0,0.018879678,8.977378e-05,0.092191845,0.00035700816,0.12809719,-128,model_1/re_lu_76/Relu;model_1/batch_normalization_78/FusedBatchNormV3;model_1/mtconv-31/mtconv9-0-0/depthwise;model_1/mtconv-23/mtconv9-0-0/depthwise,32.66478345,0.14750252962579333
CONV_2D,405,1000.0,0.040353432,0.000108161556,0.09061195,0.0016304359,0.1376289,23,model_1/batch_normalization_79/FusedBatchNormV3;model_1/pointwise_contract_conv-31/Conv2D;model_1/pointwise_contract_conv-23/Conv2D,35.0953695,0.29338791845880424
ADD,409,1000.0,0.055921398,-0.0035010476,0.114448465,0.0031460617,0.22947365,-128,model_1/re_lu_77/Relu;model_1/add_23/add,58.51578075,0.24442790997327696
CONV_2D,413,3000.0,0.03716325,-0.00028725504,0.18343003,0.0013830358,0.18545483,-128,model_1/re_lu_78/Relu;model_1/batch_normalization_80/FusedBatchNormV3;model_1/mtconv-31/mtconv9-0-0/depthwise;model_1/pointwise_expand_conv-24/Conv2D,47.29098165,0.20052963457118933
DEPTHWISE_CONV_2D,417,1560.0,0.024390534,0.00018747192,0.081889614,0.00059564464,0.12115679,-128,model_1/re_lu_79/Relu;model_1/batch_normalization_81/FusedBatchNormV3;model_1/mtconv-31/mtconv9-0-0/depthwise;model_1/mtconv-24/mtconv9-0-0/depthwise,30.89498145,0.20144006860772687
CONV_2D,421,520.0,0.049910914,-0.001223592,0.122129545,0.0024992218,0.16388762,-8,model_1/batch_normalization_82/FusedBatchNormV3;model_1/pointwise_contract_conv-31/Conv2D;model_1/pointwise_contract_conv-24/Conv2D,41.791343100000006,0.3050396204076335
CONV_2D,425,520.0,0.026793502,-0.0010468578,0.08861858,0.00072135933,0.10761692,-128,model_1/re_lu_80/Relu;model_1/batch_normalization_83/FusedBatchNormV3;model_1/pointwise_contract_conv-31/Conv2D;model_1/strided_residual-24/Conv2D,27.4423146,0.24957166033915054
ADD,429,520.0,0.03121703,0.00070122426,0.06487266,0.0009781469,0.13023664,-128,model_1/re_lu_81/Relu;model_1/add_24/add,33.2103432,0.24014240636159068
CONV_2D,433,1560.0,0.029721325,-6.2676095e-06,0.12927935,0.0008855343,0.15438278,-128,model_1/re_lu_82/Relu;model_1/batch_normalization_84/FusedBatchNormV3;model_1/mtconv-31/mtconv9-0-0/depthwise;model_1/pointwise_expand_conv-25/Conv2D,39.3676089,0.19275419418742157
DEPTHWISE_CONV_2D,437,1560.0,0.018810336,-0.0009312501,0.08297406,0.0003553683,0.11058003,-128,model_1/re_lu_83/Relu;model_1/batch_normalization_85/FusedBatchNormV3;model_1/mtconv-31/mtconv9-0-0/depthwise;model_1/mtconv-25/mtconv9-0-0/depthwise,28.197907649999998,0.17047576144595158
CONV_2D,441,520.0,0.026661914,-0.00068028184,0.06465375,0.0007130075,0.089154154,23,model_1/batch_normalization_86/FusedBatchNormV3;model_1/pointwise_contract_conv-31/Conv2D;model_1/pointwise_contract_conv-25/Conv2D,22.73430927,0.2995059577804052
ADD,445,520.0,0.034013372,0.00088939857,0.068216324,0.0011613416,0.13680749,-128,model_1/re_lu_84/Relu;model_1/add_25/add,34.88590995,0.2490979288241354
CONV_2D,449,1560.0,0.024161002,0.00031582874,0.1214209,0.00058590213,0.12343023,-128,model_1/re_lu_85/Relu;model_1/batch_normalization_87/FusedBatchNormV3;model_1/mtconv-31/mtconv9-0-0/depthwise;model_1/pointwise_expand_conv-26/Conv2D,31.47470865,0.19610605362391342
DEPTHWISE_CONV_2D,453,1560.0,0.018102705,0.0005934972,0.08311139,0.0003287313,0.11576236,-128,model_1/re_lu_86/Relu;model_1/batch_normalization_88/FusedBatchNormV3;model_1/mtconv-31/mtconv9-0-0/depthwise;model_1/mtconv-26/mtconv9-0-0/depthwise,29.519401799999997,0.15662214107405323
CONV_2D,457,520.0,0.029486706,-0.00011302817,0.06717758,0.00087160873,0.10004278,18,model_1/batch_normalization_89/FusedBatchNormV3;model_1/pointwise_contract_conv-31/Conv2D;model_1/pointwise_contract_conv-26/Conv2D,25.5109089,0.29510395792746696
ADD,461,520.0,0.033436295,-5.753516e-05,0.06868079,0.0011216949,0.13773023,-128,model_1/re_lu_87/Relu;model_1/add_26/add,35.12120865,0.24316893902380998
CONV_2D,465,1560.0,0.025069535,-0.0001567524,0.11293091,0.00063011114,0.12934908,-128,model_1/re_lu_88/Relu;model_1/batch_normalization_90/FusedBatchNormV3;model_1/mtconv-31/mtconv9-0-0/depthwise;model_1/pointwise_expand_conv-27/Conv2D,32.984015400000004,0.1940641144118084
DEPTHWISE_CONV_2D,469,1560.0,0.024879398,-0.00063625677,0.11780409,0.00062090665,0.20071548,-128,model_1/re_lu_89/Relu;model_1/batch_normalization_91/FusedBatchNormV3;model_1/mtconv-31/mtconv9-0-0/depthwise;model_1/mtconv-27/mtconv9-0-0/depthwise,51.1824474,0.1241458731291158
CONV_2D,473,520.0,0.036299832,-0.00044905156,0.079614654,0.0013210725,0.12565161,24,model_1/batch_normalization_92/FusedBatchNormV3;model_1/pointwise_contract_conv-31/Conv2D;model_1/pointwise_contract_conv-27/Conv2D,32.04116055,0.2892645868029866
ADD,477,520.0,0.033263005,0.001354028,0.0678482,0.0011120472,0.13614744,-128,model_1/re_lu_90/Relu;model_1/add_27/add,34.7175972,0.24493572343722475
CONV_2D,481,1560.0,0.028502753,3.2643904e-05,0.14521006,0.000814921,0.13237518,-128,model_1/re_lu_91/Relu;model_1/batch_normalization_93/FusedBatchNormV3;model_1/mtconv-31/mtconv9-0-0/depthwise;model_1/pointwise_expand_conv-28/Conv2D,33.755670900000005,0.2156508583335419
DEPTHWISE_CONV_2D,485,840.0,0.024385052,-0.0005854138,0.07665648,0.0005962631,0.11698141,-128,model_1/re_lu_92/Relu;model_1/batch_normalization_94/FusedBatchNormV3;model_1/mtconv-28/mtconv9-0-0/depthwise;model_1/mtconv-31/mtconv9-0-0/depthwise,29.830259549999997,0.20873828700540736
CONV_2D,489,280.0,0.041753136,-0.0015309068,0.10408215,0.0017539767,0.13281482,-17,model_1/batch_normalization_95/FusedBatchNormV3;model_1/pointwise_contract_conv-31/Conv2D;model_1/pointwise_contract_conv-28/Conv2D,33.8677791,0.315330058884105
CONV_2D,493,280.0,0.03374621,0.0009217661,0.10655939,0.0011456622,0.13125789,-128,model_1/re_lu_93/Relu;model_1/batch_normalization_96/FusedBatchNormV3;model_1/pointwise_contract_conv-31/Conv2D;model_1/strided_residual-28/Conv2D,33.470761949999996,0.2578712191554122
ADD,497,280.0,0.04116164,0.0005854895,0.08576788,0.0017039177,0.17252977,-128,model_1/re_lu_94/Relu;model_1/add_28/add,43.99509135,0.23925458201825922
CONV_2D,501,840.0,0.021610653,-9.311842e-05,0.097473435,0.0004688626,0.101027474,-128,model_1/re_lu_95/Relu;model_1/batch_normalization_97/FusedBatchNormV3;model_1/mtconv-31/mtconv9-0-0/depthwise;model_1/pointwise_expand_conv-29/Conv2D,25.762005870000003,0.21433016650579945
DEPTHWISE_CONV_2D,505,840.0,0.019785391,-0.0012921282,0.087986946,0.0003944263,0.12230963,-128,model_1/re_lu_96/Relu;model_1/batch_normalization_98/FusedBatchNormV3;model_1/mtconv-29/mtconv9-0-0/depthwise;model_1/mtconv-31/mtconv9-0-0/depthwise,31.18895565,0.1623761651478221
CONV_2D,509,280.0,0.032689102,-0.00020914897,0.06946895,0.0010732906,0.11141963,-26,model_1/batch_normalization_99/FusedBatchNormV3;model_1/pointwise_contract_conv-31/Conv2D;model_1/pointwise_contract_conv-29/Conv2D,28.41200565,0.2940335930452158
ADD,513,280.0,0.053625103,0.0034628143,0.10654757,0.0029023811,0.2143543,-128,model_1/re_lu_97/Relu;model_1/add_29/add,54.6603465,0.25133039782105665
CONV_2D,517,840.0,0.018948825,-0.0002615318,0.10294413,0.00036044163,0.08467954,-128,model_1/re_lu_98/Relu;model_1/batch_normalization_100/FusedBatchNormV3;model_1/mtconv-31/mtconv9-0-0/depthwise;model_1/pointwise_expand_conv-30/Conv2D,21.5932827,0.22420174184148917
DEPTHWISE_CONV_2D,521,840.0,0.019611703,9.7178185e-05,0.09151145,0.00038660565,0.13840057,-128,model_1/re_lu_99/Relu;model_1/batch_normalization_101/FusedBatchNormV3;model_1/mtconv-30/mtconv9-0-0/depthwise;model_1/mtconv-31/mtconv9-0-0/depthwise,35.29214535,0.14206798461695164
CONV_2D,525,280.0,0.043146025,0.0009836506,0.086982995,0.0018709378,0.1494088,18,model_1/batch_normalization_102/FusedBatchNormV3;model_1/pointwise_contract_conv-31/Conv2D;model_1/pointwise_contract_conv-30/Conv2D,38.099244,0.28950328568812894
ADD,529,280.0,0.06601911,0.00083726674,0.13136157,0.004381222,0.26427427,-128,model_1/re_lu_100/Relu;model_1/add_30/add,67.38993885,0.2504625212471491
CONV_2D,533,840.0,0.020669594,5.636384e-05,0.11084137,0.00042888298,0.09583246,-128,model_1/re_lu_101/Relu;model_1/batch_normalization_103/FusedBatchNormV3;model_1/mtconv-31/mtconv9-0-0/depthwise;model_1/pointwise_expand_conv-31/Conv2D,24.437277299999998,0.216100996417321
DEPTHWISE_CONV_2D,537,840.0,0.036141127,0.000973474,0.15273187,0.0013148098,0.27289096,-128,model_1/re_lu_102/Relu;model_1/batch_normalization_104/FusedBatchNormV3;model_1/mtconv-31/mtconv9-0-0/depthwise,69.5871948,0.132874706150606
CONV_2D,541,280.0,0.049367733,-0.00064364955,0.13034993,0.0024502198,0.16763036,-10,model_1/batch_normalization_105/FusedBatchNormV3;model_1/pointwise_contract_conv-31/Conv2D,42.745741800000005,0.2952907513206735
ADD,545,280.0,0.0802309,0.0013291669,0.16028911,0.0064718383,0.3225908,-128,model_1/re_lu_103/Relu;model_1/add_31/add,82.260654,0.24938013250980315
RESHAPE,549,280.0,9.017759e-07,-1.4815177e-07,2.9266298e-06,8.4095903e-13,0.3225908,-128,model_1/layer_normalization_3/Reshape;model_1/reshape_1/Reshape,82.260654,2.8427288797499703e-06
TRANSPOSE,553,280.0,9.017759e-07,-1.4815177e-07,2.9266298e-06,8.4095903e-13,0.3225908,-128,model_1/layer_normalization_3/FusedBatchNormV32,82.260654,2.8427288797499703e-06
MEAN,557,7.0,0.0071050855,-8.418615e-06,0.011900187,6.1758634e-05,0.02713479,-128,model_1/layer_normalization_3/FusedBatchNormV33,6.91937145,0.2896158832190383
SQUARED_DIFFERENCE,561,280.0,6.395447,0.29322767,11.433389,41.583908,23.02661,-128,model_1/layer_normalization_3/FusedBatchNormV34,5871.7855500000005,0.28004810949734765
MEAN,565,7.0,0.17402413,-0.0005416242,0.29090622,0.03695246,0.6644903,-128,model_1/layer_normalization_3/FusedBatchNormV35,169.44502649999998,0.28928974064992874
ADD,569,7.0,0.0001626406,-0.0006583596,0.0008654381,4.6444126e-07,0.6644942,-128,model_1/layer_normalization_3/FusedBatchNormV36,169.446021,0.001025591003895376
RSQRT,573,7.0,0.00048536368,-6.1941544e-05,0.001038165,2.777817e-06,0.0012298783,-128,model_1/layer_normalization_3/FusedBatchNormV37,0.31361896650000004,1.3551571999374226
MUL,577,280.0,0.0065520727,-6.258964e-05,0.020181272,4.470664e-05,0.025586572,-128,model_1/layer_normalization_3/FusedBatchNormV38,6.52457586,0.2613207590346236
MUL,581,7.0,0.0011499859,-2.1637841e-05,0.0019464319,1.6517304e-06,0.0044381632,-128,model_1/layer_normalization_3/FusedBatchNormV39,1.1317316160000002,0.28957849919783624
SUB,585,7.0,0.0,0.0,0.0,0.0,0.0044381632,127,model_1/layer_normalization_3/FusedBatchNormV310,1.1317316160000002,0.0
ADD,589,280.0,0.008168142,3.1183512e-07,0.014197873,6.790026e-05,0.028502837,-88,model_1/layer_normalization_3/FusedBatchNormV311,7.268223435,0.28909969229330285
TRANSPOSE,593,280.0,7.524035e-08,1.2348991e-07,4.3432712e-07,2.1031706e-14,0.028502837,-88,model_1/layer_normalization_3/FusedBatchNormV312,7.268223435,5.0880241252596406e-06
RESHAPE,597,280.0,7.524035e-08,1.2348991e-07,4.3432712e-07,2.1031706e-14,0.028502837,-88,model_1/layer_normalization_3/Reshape_1,7.268223435,5.0880241252596406e-06
MUL,601,280.0,0.007373279,0.0002382044,0.022324732,5.6753874e-05,0.02476234,-72,model_1/layer_normalization_3/mul_3,6.3143967000000005,0.30423282729671774
ADD,605,280.0,0.008437796,-0.0005855361,0.017273527,7.184485e-05,0.02806635,-59,model_1/layer_normalization_3/add,7.1569192500000005,0.30200343622887976
UNIDIRECTIONAL_SEQUENCE_LSTM,621,280.0,0.061724134,0.01658498,0.44125158,0.0051669613,0.007843136,-1,tfl.unidirectional_sequence_lstm,1.9999996800000002,9.164902700610854
RESHAPE,625,280.0,3.6452656e-09,5.752846e-10,4.2045862e-08,1.6546694e-17,0.007843136,-1,model_1/layer_normalization_4/Reshape,1.9999996800000002,5.186398368939883e-07
TRANSPOSE,629,280.0,3.6452656e-09,5.752846e-10,4.2045862e-08,1.6546694e-17,0.007843136,-1,model_1/layer_normalization_4/FusedBatchNormV3,1.9999996800000002,5.186398368939883e-07
MEAN,633,7.0,0.00051718653,-1.4188553e-06,0.00086709554,3.3711655e-07,0.001978286,-16,model_1/layer_normalization_4/FusedBatchNormV31,0.50446293,0.2934951705291002
SQUARED_DIFFERENCE,637,280.0,0.001570422,-0.00021328469,0.0032180168,2.5495822e-06,0.0064301016,-128,model_1/layer_normalization_4/FusedBatchNormV32,1.639675908,0.24832284433170793
MEAN,641,7.0,0.0005686806,9.5038416e-07,0.0009520302,3.946761e-07,0.0021738114,-128,model_1/layer_normalization_4/FusedBatchNormV33,0.5543219070000001,0.2890004720042443
ADD,645,7.0,0.00020234099,-0.0007554284,0.00097059715,6.1842474e-07,0.0021777328,-128,model_1/layer_normalization_4/FusedBatchNormV34,0.555321864,0.3611094346019231
RSQRT,649,7.0,0.031999152,-inf,inf,inf,0.12363941,-128,model_1/layer_normalization_4/FusedBatchNormV35,31.528049550000002,inf
MUL,653,280.0,0.014353345,0.00017719016,0.04099934,0.00022710013,0.048923254,-1,model_1/layer_normalization_4/FusedBatchNormV36,12.47542977,0.30803024135971
MUL,657,7.0,0.0020763201,-0.00034116796,0.004508002,5.441061e-05,0.004727049,-4,model_1/layer_normalization_4/FusedBatchNormV37,1.205397495,1.560456595820436
SUB,661,7.0,0.0,0.0,0.0,0.0,0.004727049,3,model_1/layer_normalization_4/FusedBatchNormV38,1.205397495,0.0
ADD,665,280.0,0.013557306,-0.000113618866,0.025398692,0.00019120381,0.047650922,-1,model_1/layer_normalization_4/FusedBatchNormV39,12.150985109999999,0.29018633851658654
TRANSPOSE,669,280.0,4.36812e-08,-1.1726976e-09,3.0874014e-07,1.9743012e-15,0.047650922,-1,model_1/layer_normalization_4/FusedBatchNormV310,12.150985109999999,9.324711340686004e-07
RESHAPE,673,280.0,4.36812e-08,-1.1726976e-09,3.0874014e-07,1.9743012e-15,0.047650922,-1,model_1/layer_normalization_4/Reshape_1,12.150985109999999,9.324711340686004e-07
MUL,677,280.0,0.03778942,-0.0003342838,0.07237823,0.0014395159,0.13070428,7,model_1/layer_normalization_4/mul_3,33.3295914,0.29028087533383207
ADD,681,280.0,0.03723246,-0.003100724,0.061666608,0.0013958709,0.13070428,2,model_1/layer_normalization_4/add,33.3295914,0.2858464596832927
STRIDED_SLICE,685,40.0,1.114852e-07,-3.796816e-09,3.7698746e-07,1.3266259e-14,0.13070428,2,model_1/lambda_1/strided_slice,33.3295914,8.812201655729293e-07
FULLY_CONNECTED,689,11.0,0.38768843,0.002292617,0.72559375,0.16979334,1.2712529,18,model_1/dense_1/MatMul;model_1/dense_1/BiasAdd,324.1694895,0.3241368214696956
RESHAPE,693,11.0,8.459932e-07,2.1158564e-07,2.5247098e-06,1.258964e-12,1.2712529,18,model_1/layer_normalization_5/FusedBatchNormV33,324.1694895,8.826219000621509e-07
MEAN,697,1.0,0.0,0.00034711778,0.027141035,0.0010058152,0.10833169,17,model_1/layer_normalization_5/FusedBatchNormV34,27.62458095,0.29275449965317457
SQUARED_DIFFERENCE,701,11.0,28.547276,-3.4782298,51.32413,941.5706,114.245026,-128,model_1/layer_normalization_5/FusedBatchNormV35,29132.48163,0.268589569974589
MEAN,705,1.0,0.0,-0.016983299,3.2511058,14.076123,13.083682,-128,model_1/layer_normalization_5/FusedBatchNormV36,3336.33891,0.286755361396363
ADD,709,1.0,0.0,-0.000718573,0.000718573,5.285835e-07,13.083686,-128,model_1/layer_normalization_5/FusedBatchNormV37,3336.33993,5.556824596981533e-05
RSQRT,713,1.0,0.0,7.539619e-07,7.4874726e-05,6.113786e-08,0.00031897984,-128,model_1/layer_normalization_5/FusedBatchNormV38,0.0813398592,0.775160939980348
MUL,717,11.0,0.0071150726,-5.3432433e-07,0.012101914,5.7622772e-05,0.026666025,-1,model_1/layer_normalization_5/FusedBatchNormV39,6.799836375,0.28466809257777903
MUL,721,1.0,0.0,1.123675e-05,0.00079586677,1.0452723e-06,0.0031667985,-1,model_1/layer_normalization_5/FusedBatchNormV310,0.8075336175,0.32284516764217625
SUB,725,1.0,0.0,0.0,0.0,0.0,0.0031667985,0,model_1/layer_normalization_5/FusedBatchNormV311,0.8075336175,0.0
ADD,729,11.0,0.0066987993,-4.526405e-06,0.01127908,5.0748902e-05,0.024643369,-1,model_1/layer_normalization_5/FusedBatchNormV312,6.284059095,0.2890768043719368
RESHAPE,733,11.0,2.766987e-08,5.8226965e-09,8.870065e-08,1.5304869e-15,0.024643369,-1,model_1/layer_normalization_5/Reshape_1,6.284059095,1.5875036346293132e-06
MUL,737,11.0,0.027492331,0.0012460432,0.048104353,0.0008537589,0.10036667,-21,model_1/layer_normalization_5/mul_2,25.59350085,0.2911240650420675
ADD,741,11.0,0.027336102,-0.0016947172,0.047684778,0.0008433032,0.09788179,-12,model_1/layer_normalization_5/add,24.95985645,0.29668116197981487
SOFTMAX,745,11.0,0.0008727249,-0.00027066743,0.0026643767,9.2000795e-07,0.00390625,-128,StatefulPartitionedCall:0,0.99609375,0.24554763491265805
